group,body_length,yolk_sac_area,bpm,pigmented_area_normalized,open_swim_bladder,edema_present,deformation_present
SCB 1.0,3.721,0.396,115,4863.208814834722,no,no,no
SCB 1.0,3.933,0.432,133,5083.142639206712,no,no,no
SCB 1.0,3.69,0.245,149,6399.1869918699185,no,no,yes
SCB 1.0,3.909,0.362,124,7133.793809158353,no,no,no
SCB 1.0,4.302,0.501,124,6279.4049279404935,no,no,no
SCB 1.0,3.414,0.396,129,4674.575278265964,no,yes,yes
SCB 1.0,3.707,0.349,148,6491.50256271918,no,no,no
SCB 1.0,3.915,0.355,133,5308.045977011494,no,yes,no
SCB 1.0,3.857,0.309,137,4863.10604096448,no,no,yes
SCF 1.0,3.901,0.239,119,6667.264803896437,no,no,yes
SCF 1.0,4.115,0.258,166,6053.948967193195,no,no,no
SCF 1.0,3.962,0.278,138,5102.725896012115,no,no,no
SCF 1.0,3.754,0.346,151,5915.55673947789,no,yes,no
SCF 1.0,3.931,0.269,153,5381.073518188756,no,yes,yes
SCF 1.0,3.758,0.305,147,4450.239489089941,no,no,no
SCF 1.0,3.23,0.386,120,3938.0804953560373,no,yes,no
SCF 1.0,4.01,0.261,118,5707.730673316709,no,no,no
SCF 1.0,3.77,0.333,147,5341.909814323607,no,no,yes
SCF 1.0,3.876,0.376,147,6361.455108359133,no,no,yes
Control,3.916,0.253,168,3007.660878447395,no,no,no
Control,4.005,0.302,135,2643.6953807740324,yes,no,no
Control,3.031,0.178,161,2738.700098977235,yes,no,no
Control,3.419,0.201,151,2885.9315589353614,yes,no,no
Control,3.803,0.338,158,2652.905600841441,yes,no,no
Control,3.811,0.231,155,2993.1776436630807,yes,no,no
Control,3.614,0.223,170,2719.147758716104,yes,no,no
Control,3.984,0.24,155,3020.8333333333335,no,no,no
Control,4.033,0.239,167,2890.9000743863126,no,no,no
Control,4.025,0.273,157,3292.919254658385,yes,no,no
Control,3.868,0.265,168,2609.617373319545,yes,no,no
Control,4.096,0.236,158,2586.181640625,yes,no,no
SCB 2.0,3.279,0.328,106,5774.321439463251,no,no,yes
SCB 2.0,3.613,0.363,120,5890.11901466925,no,yes,yes
SCB 2.0,3.409,0.305,140,5441.771780580816,no,yes,yes
SCB 2.0,3.385,0.319,116,4652.584933530281,no,yes,yes
SCB 2.0,3.398,0.353,127,5163.9199529134785,no,yes,yes
SCB 2.0,3.426,0.344,113,6321.657910099241,no,yes,yes
SCB 2.0,3.566,0.302,131,7255.187885586091,no,yes,no
SCB 2.0,3.54,0.354,125,7087.005649717514,no,yes,yes
SCB 2.0,3.384,0.356,132,6769.208037825059,no,yes,yes
SCB 2.0,3.411,0.332,132,7076.223981237174,no,yes,yes
SCF 2.0,3.314,0.346,160,5886.240193120097,no,yes,yes
SCF 2.0,3.385,0.33,139,3812.998522895126,no,yes,yes
SCF 2.0,3.42,0.283,126,5745.3216374269,no,yes,yes
SCF 2.0,3.136,0.364,132,5817.283163265306,no,yes,yes
SCF 2.0,3.458,0.315,145,6654.1353383458645,no,yes,yes
SCF 2.0,3.289,0.319,126,5904.226208574034,no,no,yes
SCF 2.0,3.514,0.357,121,8349.743881616392,no,yes,yes
SCF 2.0,3.404,0.291,119,7034.665099882492,no,yes,yes
SCF 2.0,3.323,0.303,138,6009.0279867589525,no,no,yes
Control,4.109,0.256,150,2701.6305670479437,no,no,no
Control,3.947,0.218,147,2757.5373701545477,no,no,no
Control,3.866,0.238,161,4574.236937403,no,no,no
Control,3.89,0.237,140,2767.3521850899742,no,no,no
Control,3.937,0.27,153,2494.7929895859793,no,no,no
Control,4.085,0.291,150,2310.15911872705,yes,no,no
Control,4.126,0.292,143,2508.7251575375662,no,no,no
Control,3.867,0.266,148,3306.1805016808894,no,no,no
Control,3.433,0.277,128,3088.2609962132246,no,no,yes
Control,3.845,0.247,126,2907.672301690507,yes,no,no
SCB 0.5,3.421,0.37,132,4667.933352820813,no,yes,yes
SCB 0.5,3.861,0.367,136,4409.99740999741,no,no,yes
SCB 0.5,3.722,0.349,132,4327.243417517464,no,no,no
SCB 0.5,3.578,0.289,128,4969.81553940749,no,no,yes
SCB 0.5,3.727,0.286,144,5721.7601287899115,no,no,yes
SCB 0.5,3.665,0.36,140,4516.234652114597,no,no,no
SCB 0.5,3.761,0.278,124,5559.159797926083,no,no,no
SCB 0.5,3.786,0.362,144,5454.041204437401,no,no,yes
SCB 0.5,3.314,0.353,116,6143.633071816535,no,yes,no
SCB 0.5,3.928,0.312,128,6759.928716904277,no,no,yes
SCB 0.5,3.662,0.241,136,6131.0759148006555,no,no,no
SCF 0.5,4.065,0.307,140,5635.178351783517,no,no,no
SCF 0.5,4.028,0.311,132,5409.632571996029,no,no,no
SCF 0.5,3.946,0.327,136,4840.344652812975,no,no,yes
SCF 0.5,3.88,0.35,152,5305.412371134021,no,no,yes
SCF 0.5,3.953,0.28,124,6811.282570199848,no,no,no
SCF 0.5,3.9,0.301,140,6263.076923076923,no,no,no
SCF 0.5,3.87,0.315,132,6153.488372093023,yes,no,no
SCF 0.5,4.027,0.256,124,5822.200148994289,no,no,no
SCF 0.5,4.061,0.321,136,5072.642206353115,no,no,yes
SCF 0.5,3.899,0.312,148,5660.425750192357,yes,no,no
SCF 0.5,3.756,0.322,144,3591.586794462194,no,no,no
SCF 0.5,4.141,0.347,148,5070.272880946632,no,no,no
Control,3.949,0.301,148,3326.6649784755637,no,no,no
Control,3.871,0.304,140,2959.4420046499613,no,no,yes
Control,3.857,0.308,140,3940.886699507389,no,no,no
Control,4.013,0.259,168,3332.1704460503365,no,no,no
Control,3.9,0.292,160,3212.5641025641025,yes,no,yes
Control,4.006,0.245,172,4033.9490763854214,no,no,no
Control,3.78,0.253,164,3212.1693121693124,no,no,no
Control,3.849,0.266,152,2920.4988308651596,no,no,no
Control,3.971,0.326,172,3473.4323847897253,yes,no,no
Control,3.966,0.262,168,2811.9011598587995,no,no,no
Control,3.974,0.305,152,3120.7851031706086,yes,no,yes
Control,3.994,0.298,152,3490.235353029544,yes,no,no
