endpoint,group,positive,total,percent,ci_low,ci_high
open_swim_bladder,Control,15,34,44.11764705882353,28.883482246242163,60.54610074379694
open_swim_bladder,SCB 0.5,0,11,0.0,0.0,25.883296696803182
open_swim_bladder,SCB 1.0,0,9,0.0,2.7755575615628914e-15,29.914504841954415
open_swim_bladder,SCB 2.0,0,10,0.0,0.0,27.753279986288927
open_swim_bladder,SCF 0.5,2,12,16.666666666666668,4.6965142183853805,44.80308622529735
open_swim_bladder,SCF 1.0,0,10,0.0,0.0,27.753279986288927
open_swim_bladder,SCF 2.0,0,9,0.0,2.7755575615628914e-15,29.914504841954415
edema_present,Control,0,34,0.0,0.0,10.15145541533238
edema_present,SCB 0.5,2,11,18.181818181818183,5.13676897460851,47.69805619608442
edema_present,SCB 1.0,2,9,22.22222222222222,6.322510711784671,54.74110308930111
edema_present,SCB 2.0,9,10,90.0,59.58499732047614,98.2123786904927
edema_present,SCF 0.5,0,12,0.0,0.0,24.249400665524096
edema_present,SCF 1.0,3,10,30.0,10.779126740630105,60.322185253885465
edema_present,SCF 2.0,7,9,77.77777777777777,45.25889691069889,93.67748928821533
deformation_present,Control,4,34,11.764705882352942,4.671446664882336,26.620842770371834
deformation_present,SCB 0.5,6,11,54.54545454545455,28.009153740932202,78.72872837754024
deformation_present,SCB 1.0,3,9,33.333333333333336,12.05838183869109,64.57978644196038
deformation_present,SCB 2.0,9,10,90.0,59.58499732047614,98.2123786904927
deformation_present,SCF 0.5,3,12,25.0,8.894166839405477,53.23053349335658
deformation_present,SCF 1.0,4,10,40.0,16.81803297062361,68.73262302663417
deformation_present,SCF 2.0,9,9,100.0,70.08549515804557,99.99999999999999
