gene,treatment,technical_n,mean,sd
casp9,Control,3,1.0011333333333334,0.07019012276191952
casp9,SCB,3,1.6596666666666666,0.08458329228242027
casp9,SCF,2,1.5594999999999999,0.14919953083036167
gfap,Control,3,1.0010333333333332,0.063908554461303
gfap,SCB,3,1.0,0.01652271164185824
gfap,SCF,3,1.0136666666666667,0.07252815545244025
il1b,Control,2,1.0005,0.07566042558696069
il1b,SCB,3,0.5560999999999999,0.08946278555913624
il1b,SCF,2,0.5177,0.10988439379638953
nestin,Control,3,0.9993333333333334,0.05500303021955554
nestin,SCB,3,0.8668966666666668,0.10502588744368377
nestin,SCF,2,0.75345,0.1341381563910881
tnfa,Control,2,1.00045,0.04433559518039655
tnfa,SCB,3,0.7404333333333333,0.057182718834743566
tnfa,SCF,3,0.362657,0.01164760460352256
